engagement_segment,students,dropout_rate,avg_engagement_rate,avg_assessment_score,avg_risk_score
Needs Re-engagement,3538,0.30977953646127754,0.5186137805414233,77.60397870736762,0.4293213994095848
Assessment Strugglers,103,0.0,0.5950377562028047,50.66472491909385,0.29932686084142396
Steady Participants,538,0.0018587360594795538,0.6583849648905411,79.77736059479554,0.1582449401073936
High Performers,821,0.0,0.8701312762214102,93.60576532683719,0.05379618351603731
